{
    "0": {
        "x": 196.9130096435547,
        "y": 129.2230682373047,
        "z": -24.677793502807617,
        "r": 33.27466583251953,
        "j1": 33.27466583251953,
        "j2": 39.7713737487793,
        "j3": 72.08216094970703,
        "j4": 0.0,
        "grip": false,
        "suction": false,
        "linear": false
    },
    "1": {
        "x": 283.63433837890625,
        "y": 138.79559326171875,
        "z": -25.873165130615234,
        "r": 26.074670791625977,
        "j1": 26.074670791625977,
        "j2": 55.88137435913086,
        "j3": 48.81715774536133,
        "j4": 0.0,
        "grip": false,
        "suction": false,
        "linear": false
    },
    "2": {
        "x": 200.67518615722656,
        "y": 57.254554748535156,
        "z": -22.8857421875,
        "r": 15.923955917358398,
        "j1": 15.923955917358398,
        "j2": 35.571372985839844,
        "j3": 79.32716369628906,
        "j4": 0.0,
        "grip": false,
        "suction": false,
        "linear": false
    },
    "3": {
        "x": 289.64849853515625,
        "y": 66.98487854003906,
        "z": -25.719633102416992,
        "r": 13.021455764770508,
        "j1": 13.021455764770508,
        "j2": 51.411373138427734,
        "j3": 54.50216293334961,
        "j4": 0.0,
        "grip": false,
        "suction": false,
        "linear": false
    },
    "4": {
        "x": 206.88824462890625,
        "y": -10.104225158691406,
        "z": -28.52370262145996,
        "r": -2.7960495948791504,
        "j1": -2.7960495948791504,
        "j2": 38.30137252807617,
        "j3": 82.22001647949219,
        "j4": 0.0,
        "grip": false,
        "suction": false,
        "linear": false
    },
    "5": {
        "x": 296.9812316894531,
        "y": -10.742210388183594,
        "z": -25.563180923461914,
        "r": -2.0715622901916504,
        "j1": -2.0715622901916504,
        "j2": 51.321372985839844,
        "j3": 54.487159729003906,
        "j4": 0.0,
        "grip": false,
        "suction": false,
        "linear": false
    },
    "6": {
        "x": 212.0396728515625,
        "y": -86.7603759765625,
        "z": -23.672903060913086,
        "r": -22.252927780151367,
        "j1": -22.252927780151367,
        "j2": 38.4213752746582,
        "j3": 73.5671615600586,
        "j4": 0.0,
        "grip": false,
        "suction": false,
        "linear": false
    },
    "7": {
        "x": 303.12884521484375,
        "y": -81.15113067626953,
        "z": -23.172168731689453,
        "r": -14.987302780151367,
        "j1": -14.987302780151367,
        "j2": 54.57937240600586,
        "j3": 48.81715774536133,
        "j4": 0.0,
        "grip": false,
        "suction": false,
        "linear": false
    },
    "target": {
        "x": 149.80503845214844,
        "y": 300.1698913574219,
        "z": 13.904130935668945,
        "r": 63.47770309448242,
        "j1": 63.47770309448242,
        "j2": 51.70387268066406,
        "j3": 33.20216369628906,
        "j4": 0.0,
        "grip": false,
        "suction": false,
        "linear": false
    }
}