{
    "0": {
        "x": 237.64715576171875,
        "y": 87.79263305664062,
        "z": -33.91064453125,
        "r": 36.061492919921875,
        "j1": 20.275453567504883,
        "j2": 46.10137176513672,
        "j3": 69.80516815185547,
        "j4": 15.786040306091309,
        "grip": false,
        "suction": false,
        "linear": false
    },
    "1": {
        "x": 328.9872131347656,
        "y": 93.52801513671875,
        "z": -31.82586097717285,
        "r": 31.65599822998047,
        "j1": 15.869958877563477,
        "j2": 64.89851379394531,
        "j3": 40.837162017822266,
        "j4": 15.786040306091309,
        "grip": false,
        "suction": false,
        "linear": false
    },
    "2": {
        "x": 242.7134246826172,
        "y": 21.552534103393555,
        "z": -33.65650177001953,
        "r": 20.860496520996094,
        "j1": 5.074456691741943,
        "j2": 44.625370025634766,
        "j3": 72.65216064453125,
        "j4": 15.786040306091309,
        "grip": false,
        "suction": false,
        "linear": false
    },
    "3": {
        "x": 336.3009338378906,
        "y": 21.3215274810791,
        "z": -37.782596588134766,
        "r": 19.413745880126953,
        "j1": 3.6277053356170654,
        "j2": 64.97887420654297,
        "j3": 43.807159423828125,
        "j4": 15.786040306091309,
        "grip": false,
        "suction": false,
        "linear": false
    },
    "4": {
        "x": 242.83303833007812,
        "y": -46.11882400512695,
        "z": -32.68950271606445,
        "r": 5.032502174377441,
        "j1": -10.753538131713867,
        "j2": 44.661373138427734,
        "j3": 71.24516296386719,
        "j4": 15.786040306091309,
        "grip": false,
        "suction": false,
        "linear": false
    },
    "5": {
        "x": 336.3041687011719,
        "y": -46.66035842895508,
        "z": -35.44974899291992,
        "r": 7.886993885040283,
        "j1": -7.899046421051025,
        "j2": 65.09137725830078,
        "j3": 42.427162170410156,
        "j4": 15.786040306091309,
        "grip": false,
        "suction": false,
        "linear": false
    },
    "6": {
        "x": 242.0689239501953,
        "y": -110.26515197753906,
        "z": -32.372337341308594,
        "r": -8.703764915466309,
        "j1": -24.489805221557617,
        "j2": 47.48737716674805,
        "j3": 65.5391616821289,
        "j4": 15.786040306091309,
        "grip": false,
        "suction": false,
        "linear": false
    },
    "7": {
        "x": 340.4853820800781,
        "y": -110.20208740234375,
        "z": -28.6729793548584,
        "r": -2.1487417221069336,
        "j1": -17.934782028198242,
        "j2": 69.59137725830078,
        "j3": 33.74216079711914,
        "j4": 15.786040306091309,
        "grip": false,
        "suction": false,
        "linear": false
    },
    "target": {
        "x": 144.19874572753906,
        "y": -220.5901641845703,
        "z": 30.657670974731445,
        "r": -41.04150390625,
        "j1": -56.827545166015625,
        "j2": 26.188873291015625,
        "j3": 45.3521614074707,
        "j4": 15.786039352416992,
        "grip": false,
        "suction": false,
        "linear": false
    }
}








