{
    "0": {
        "x": 240.83848571777344,
        "y": 52.73239517211914,
        "z": -14.996698379516602,
        "r": 12.35020637512207,
        "j1": 12.35020637512207,
        "j2": 37.59637451171875,
        "j3": 65.60216522216797,
        "j4": 0.0,
        "grip": false,
        "suction": false,
        "linear": false
    },
    "1": {
        "x": 242.93516540527344,
        "y": -36.45228958129883,
        "z": -22.70477294921875,
        "r": -8.533536911010742,
        "j1": -8.533536911010742,
        "j2": 40.45387268066406,
        "j3": 68.4671630859375,
        "j4": 0.0,
        "grip": false,
        "suction": false,
        "linear": false
    },
    "2": {
        "x": 314.2057189941406,
        "y": 56.45786666870117,
        "z": -29.32640838623047,
        "r": 10.186456680297852,
        "j1": 10.186456680297852,
        "j2": 57.729373931884766,
        "j3": 48.41215896606445,
        "j4": 0.0,
        "grip": false,
        "suction": false,
        "linear": false
    },
    "3": {
        "x": 311.9346923828125,
        "y": -38.88003921508789,
        "z": -28.519428253173828,
        "r": -7.104795932769775,
        "j1": -7.104795932769775,
        "j2": 56.24565887451172,
        "j3": 49.82516098022461,
        "j4": 0.0,
        "grip": false,
        "suction": false,
        "linear": false
    },
    "4": {
        "x": 368.796630859375,
        "y": 52.0341796875,
        "z": -20.442398071289062,
        "r": 8.030954360961914,
        "j1": 8.030954360961914,
        "j2": 74.06887817382812,
        "j3": 25.124664306640625,
        "j4": 0.0,
        "grip": false,
        "suction": false,
        "linear": false
    },
    "5": {
        "x": 371.0996398925781,
        "y": -41.54058837890625,
        "z": -24.32016944885254,
        "r": -6.3870530128479,
        "j1": -6.3870530128479,
        "j2": 75.53137969970703,
        "j3": 25.16966438293457,
        "j4": 0.0,
        "grip": false,
        "suction": false,
        "linear": false
    },
    "target": {
        "x": 139.72775268554688,
        "y": -225.5955810546875,
        "z": 33.155921936035156,
        "r": -58.22705078125,
        "j1": -58.22705078125,
        "j2": 26.031373977661133,
        "j3": 44.13716125488281,
        "j4": 0.0,
        "grip": false,
        "suction": false,
        "linear": false
    }
}
