{
    "1": {
        "x": 229.502197265625,
        "y": -100.65148162841797,
        "z": -12.260062217712402,
        "r": -23.680540084838867
    },
    "2": {
        "x": 311.84222412109375,
        "y": -122.85383605957031,
        "z": -13.3218936920166,
        "r": -21.502531051635742
    },
    "3": {
        "x": 237.93080139160156,
        "y": -38.668704986572266,
        "z": -9.674081802368164,
        "r": -9.231046676635742
    },
    "4": {
        "x": 334.0799560546875,
        "y": -45.531890869140625,
        "z": -16.9025821685791,
        "r": -7.761045932769775
    },
    "5": {
        "x": 232.7898406982422,
        "y": 44.74170684814453,
        "z": -14.704437255859375,
        "r": 10.879457473754883
    },
    "6": {
        "x": 325.5351257324219,
        "y": 45.8065071105957,
        "z": -9.924596786499023,
        "r": 8.009584426879883
    }
}
